--------------------------------------------------------
--  File created - Tuesday-April-21-2020   
--------------------------------------------------------
--------------------------------------------------------
--  DDL for Table ACCOUNT
--------------------------------------------------------

  CREATE TABLE "COB322"."ACCOUNT" 
   (	"ACCT_ID" NUMBER GENERATED ALWAYS AS IDENTITY MINVALUE 1 MAXVALUE 9999999999999999999999999999 INCREMENT BY 1 START WITH 1 CACHE 20 NOORDER  NOCYCLE  NOKEEP  NOSCALE , 
	"BALANCE" FLOAT(126) DEFAULT 0, 
	"INTEREST" NUMBER(5,5), 
	"CREATION_DATE" DATE
   ) SEGMENT CREATION IMMEDIATE 
  PCTFREE 10 PCTUSED 40 INITRANS 1 MAXTRANS 255 
 NOCOMPRESS LOGGING
  STORAGE(INITIAL 65536 NEXT 1048576 MINEXTENTS 1 MAXEXTENTS 2147483645
  PCTINCREASE 0 FREELISTS 1 FREELIST GROUPS 1
  BUFFER_POOL DEFAULT FLASH_CACHE DEFAULT CELL_FLASH_CACHE DEFAULT)
  TABLESPACE "USERS" ;
--------------------------------------------------------
--  DDL for Table ACCOUNT_ACTIONS
--------------------------------------------------------

  CREATE TABLE "COB322"."ACCOUNT_ACTIONS" 
   (	"ACTION_ID" NUMBER GENERATED ALWAYS AS IDENTITY MINVALUE 1 MAXVALUE 9999999999999999999999999999 INCREMENT BY 1 START WITH 1 CACHE 20 NOORDER  NOCYCLE  NOKEEP  NOSCALE , 
	"AMOUNT" NUMBER(15,0), 
	"ACTION_TIME" DATE, 
	"LOCATION_ID" NUMBER(10,0)
   ) SEGMENT CREATION IMMEDIATE 
  PCTFREE 10 PCTUSED 40 INITRANS 1 MAXTRANS 255 
 NOCOMPRESS LOGGING
  STORAGE(INITIAL 65536 NEXT 1048576 MINEXTENTS 1 MAXEXTENTS 2147483645
  PCTINCREASE 0 FREELISTS 1 FREELIST GROUPS 1
  BUFFER_POOL DEFAULT FLASH_CACHE DEFAULT CELL_FLASH_CACHE DEFAULT)
  TABLESPACE "USERS" ;
--------------------------------------------------------
--  DDL for Table ACCOUNT_ACTIONS_LOCATION
--------------------------------------------------------

  CREATE TABLE "COB322"."ACCOUNT_ACTIONS_LOCATION" 
   (	"ACTION_ID" NUMBER, 
	"LOCATION_ID" NUMBER
   ) SEGMENT CREATION DEFERRED 
  PCTFREE 10 PCTUSED 40 INITRANS 1 MAXTRANS 255 
 NOCOMPRESS LOGGING
  TABLESPACE "USERS" ;
--------------------------------------------------------
--  DDL for Table ACCOUNT_PERFORMS
--------------------------------------------------------

  CREATE TABLE "COB322"."ACCOUNT_PERFORMS" 
   (	"CUSTOMER_ID" NUMBER(10,0), 
	"ACTION_ID" NUMBER(10,0), 
	"ACCT_ID" NUMBER(10,0)
   ) SEGMENT CREATION IMMEDIATE 
  PCTFREE 10 PCTUSED 40 INITRANS 1 MAXTRANS 255 
 NOCOMPRESS LOGGING
  STORAGE(INITIAL 65536 NEXT 1048576 MINEXTENTS 1 MAXEXTENTS 2147483645
  PCTINCREASE 0 FREELISTS 1 FREELIST GROUPS 1
  BUFFER_POOL DEFAULT FLASH_CACHE DEFAULT CELL_FLASH_CACHE DEFAULT)
  TABLESPACE "USERS" ;
--------------------------------------------------------
--  DDL for Table ATM
--------------------------------------------------------

  CREATE TABLE "COB322"."ATM" 
   (	"OPERATOR_NAME" VARCHAR2(50 BYTE), 
	"ATM_ID" NUMBER GENERATED ALWAYS AS IDENTITY MINVALUE 1 MAXVALUE 9999999999999999999999999999 INCREMENT BY 1 START WITH 1 CACHE 20 NOORDER  NOCYCLE  NOKEEP  NOSCALE , 
	"HOURS_OF_OPERATION" VARCHAR2(4 BYTE)
   ) SEGMENT CREATION IMMEDIATE 
  PCTFREE 10 PCTUSED 40 INITRANS 1 MAXTRANS 255 
 NOCOMPRESS LOGGING
  STORAGE(INITIAL 65536 NEXT 1048576 MINEXTENTS 1 MAXEXTENTS 2147483645
  PCTINCREASE 0 FREELISTS 1 FREELIST GROUPS 1
  BUFFER_POOL DEFAULT FLASH_CACHE DEFAULT CELL_FLASH_CACHE DEFAULT)
  TABLESPACE "USERS" ;
--------------------------------------------------------
--  DDL for Table ATM_LOCATIONS
--------------------------------------------------------

  CREATE TABLE "COB322"."ATM_LOCATIONS" 
   (	"LOCATION_ID" NUMBER(10,0), 
	"ATM_ID" NUMBER(10,0)
   ) SEGMENT CREATION IMMEDIATE 
  PCTFREE 10 PCTUSED 40 INITRANS 1 MAXTRANS 255 
 NOCOMPRESS LOGGING
  STORAGE(INITIAL 65536 NEXT 1048576 MINEXTENTS 1 MAXEXTENTS 2147483645
  PCTINCREASE 0 FREELISTS 1 FREELIST GROUPS 1
  BUFFER_POOL DEFAULT FLASH_CACHE DEFAULT CELL_FLASH_CACHE DEFAULT)
  TABLESPACE "USERS" ;
--------------------------------------------------------
--  DDL for Table BRANCH
--------------------------------------------------------

  CREATE TABLE "COB322"."BRANCH" 
   (	"BRANCH_ID" NUMBER(10,0), 
	"OPEN" VARCHAR2(8 BYTE), 
	"CLOSE" VARCHAR2(8 BYTE)
   ) SEGMENT CREATION IMMEDIATE 
  PCTFREE 10 PCTUSED 40 INITRANS 1 MAXTRANS 255 
 NOCOMPRESS LOGGING
  STORAGE(INITIAL 65536 NEXT 1048576 MINEXTENTS 1 MAXEXTENTS 2147483645
  PCTINCREASE 0 FREELISTS 1 FREELIST GROUPS 1
  BUFFER_POOL DEFAULT FLASH_CACHE DEFAULT CELL_FLASH_CACHE DEFAULT)
  TABLESPACE "USERS" ;
--------------------------------------------------------
--  DDL for Table BUYS
--------------------------------------------------------

  CREATE TABLE "COB322"."BUYS" 
   (	"PURCHASE_ID" NUMBER(10,0), 
	"CARD_ID" NUMBER(10,0)
   ) SEGMENT CREATION IMMEDIATE 
  PCTFREE 10 PCTUSED 40 INITRANS 1 MAXTRANS 255 
 NOCOMPRESS LOGGING
  STORAGE(INITIAL 65536 NEXT 1048576 MINEXTENTS 1 MAXEXTENTS 2147483645
  PCTINCREASE 0 FREELISTS 1 FREELIST GROUPS 1
  BUFFER_POOL DEFAULT FLASH_CACHE DEFAULT CELL_FLASH_CACHE DEFAULT)
  TABLESPACE "USERS" ;
--------------------------------------------------------
--  DDL for Table CARD
--------------------------------------------------------

  CREATE TABLE "COB322"."CARD" 
   (	"CARD_ID" NUMBER GENERATED ALWAYS AS IDENTITY MINVALUE 1 MAXVALUE 9999999999999999999999999999 INCREMENT BY 1 START WITH 1 CACHE 20 NOORDER  NOCYCLE  NOKEEP  NOSCALE , 
	"CVC" NUMBER(3,0), 
	"CARD_NUMBER" VARCHAR2(50 BYTE)
   ) SEGMENT CREATION IMMEDIATE 
  PCTFREE 10 PCTUSED 40 INITRANS 1 MAXTRANS 255 
 NOCOMPRESS LOGGING
  STORAGE(INITIAL 65536 NEXT 1048576 MINEXTENTS 1 MAXEXTENTS 2147483645
  PCTINCREASE 0 FREELISTS 1 FREELIST GROUPS 1
  BUFFER_POOL DEFAULT FLASH_CACHE DEFAULT CELL_FLASH_CACHE DEFAULT)
  TABLESPACE "USERS" ;
--------------------------------------------------------
--  DDL for Table CARD_ACCOUNT
--------------------------------------------------------

  CREATE TABLE "COB322"."CARD_ACCOUNT" 
   (	"ACCT_ID" NUMBER, 
	"CARD_ID" NUMBER, 
	"ADD_DATE" DATE
   ) SEGMENT CREATION IMMEDIATE 
  PCTFREE 10 PCTUSED 40 INITRANS 1 MAXTRANS 255 
 NOCOMPRESS LOGGING
  STORAGE(INITIAL 65536 NEXT 1048576 MINEXTENTS 1 MAXEXTENTS 2147483645
  PCTINCREASE 0 FREELISTS 1 FREELIST GROUPS 1
  BUFFER_POOL DEFAULT FLASH_CACHE DEFAULT CELL_FLASH_CACHE DEFAULT)
  TABLESPACE "USERS" ;
--------------------------------------------------------
--  DDL for Table CARD_ACTIONS
--------------------------------------------------------

  CREATE TABLE "COB322"."CARD_ACTIONS" 
   (	"ACTION_ID" NUMBER GENERATED ALWAYS AS IDENTITY MINVALUE 1 MAXVALUE 9999999999999999999999999999 INCREMENT BY 1 START WITH 1 CACHE 20 NOORDER  NOCYCLE  NOKEEP  NOSCALE , 
	"AMOUNT" NUMBER(15,0), 
	"ACTION_TIME" DATE
   ) SEGMENT CREATION DEFERRED 
  PCTFREE 10 PCTUSED 40 INITRANS 1 MAXTRANS 255 
 NOCOMPRESS LOGGING
  TABLESPACE "USERS" ;
--------------------------------------------------------
--  DDL for Table CARD_PAYMENTS
--------------------------------------------------------

  CREATE TABLE "COB322"."CARD_PAYMENTS" 
   (	"ACTION_ID" NUMBER, 
	"CARD_ID" NUMBER(10,0)
   ) SEGMENT CREATION DEFERRED 
  PCTFREE 10 PCTUSED 40 INITRANS 1 MAXTRANS 255 
 NOCOMPRESS LOGGING
  TABLESPACE "USERS" ;
--------------------------------------------------------
--  DDL for Table CARD_PERFORMS
--------------------------------------------------------

  CREATE TABLE "COB322"."CARD_PERFORMS" 
   (	"CUSTOMER_ID" NUMBER(10,0), 
	"ACTION_ID" NUMBER(10,0), 
	"PAYMENT_ID" NUMBER(10,0)
   ) SEGMENT CREATION DEFERRED 
  PCTFREE 10 PCTUSED 40 INITRANS 1 MAXTRANS 255 
 NOCOMPRESS LOGGING
  TABLESPACE "USERS" ;
--------------------------------------------------------
--  DDL for Table CHECKING_ACCOUNT
--------------------------------------------------------

  CREATE TABLE "COB322"."CHECKING_ACCOUNT" 
   (	"ACCT_ID" NUMBER(10,0), 
	"MIN_BALANCE" NUMBER(2,0) DEFAULT 5
   ) SEGMENT CREATION IMMEDIATE 
  PCTFREE 10 PCTUSED 40 INITRANS 1 MAXTRANS 255 
 NOCOMPRESS LOGGING
  STORAGE(INITIAL 65536 NEXT 1048576 MINEXTENTS 1 MAXEXTENTS 2147483645
  PCTINCREASE 0 FREELISTS 1 FREELIST GROUPS 1
  BUFFER_POOL DEFAULT FLASH_CACHE DEFAULT CELL_FLASH_CACHE DEFAULT)
  TABLESPACE "USERS" ;
--------------------------------------------------------
--  DDL for Table COLLATERAL
--------------------------------------------------------

  CREATE TABLE "COB322"."COLLATERAL" 
   (	"COLLATERAL_ID" NUMBER GENERATED ALWAYS AS IDENTITY MINVALUE 1 MAXVALUE 9999999999999999999999999999 INCREMENT BY 1 START WITH 1 CACHE 20 NOORDER  NOCYCLE  NOKEEP  NOSCALE , 
	"COLLATERAL_VALUE" NUMBER(12,2), 
	"ADDRESS" VARCHAR2(500 BYTE)
   ) SEGMENT CREATION IMMEDIATE 
  PCTFREE 10 PCTUSED 40 INITRANS 1 MAXTRANS 255 
 NOCOMPRESS LOGGING
  STORAGE(INITIAL 65536 NEXT 1048576 MINEXTENTS 1 MAXEXTENTS 2147483645
  PCTINCREASE 0 FREELISTS 1 FREELIST GROUPS 1
  BUFFER_POOL DEFAULT FLASH_CACHE DEFAULT CELL_FLASH_CACHE DEFAULT)
  TABLESPACE "USERS" ;
--------------------------------------------------------
--  DDL for Table CREDIT_CARD
--------------------------------------------------------

  CREATE TABLE "COB322"."CREDIT_CARD" 
   (	"CARD_ID" NUMBER(10,0), 
	"INTEREST" NUMBER(8,4), 
	"BALANCE_DUE" NUMBER GENERATED ALWAYS AS ("RUNNING_BALANCE"*(1+"INTEREST")) VIRTUAL , 
	"RUNNING_BALANCE" FLOAT(63) DEFAULT 0, 
	"CREDIT_LIMIT" NUMBER(10,2)
   ) SEGMENT CREATION IMMEDIATE 
  PCTFREE 10 PCTUSED 40 INITRANS 1 MAXTRANS 255 
 NOCOMPRESS LOGGING
  STORAGE(INITIAL 65536 NEXT 1048576 MINEXTENTS 1 MAXEXTENTS 2147483645
  PCTINCREASE 0 FREELISTS 1 FREELIST GROUPS 1
  BUFFER_POOL DEFAULT FLASH_CACHE DEFAULT CELL_FLASH_CACHE DEFAULT)
  TABLESPACE "USERS" ;
--------------------------------------------------------
--  DDL for Table CUSTOMER
--------------------------------------------------------

  CREATE TABLE "COB322"."CUSTOMER" 
   (	"CUSTOMER_ID" NUMBER GENERATED ALWAYS AS IDENTITY MINVALUE 1 MAXVALUE 9999999999999999999999999999 INCREMENT BY 1 START WITH 1 CACHE 20 NOORDER  NOCYCLE  NOKEEP  NOSCALE , 
	"FIRST_NAME" VARCHAR2(50 BYTE), 
	"LAST_NAME" VARCHAR2(50 BYTE), 
	"DOB" DATE, 
	"EMAIL" VARCHAR2(60 BYTE), 
	"CREATION_DATE" DATE, 
	"ADDRESS" VARCHAR2(500 BYTE), 
	"NAME" VARCHAR2(101 BYTE) GENERATED ALWAYS AS ("FIRST_NAME"||' '||"LAST_NAME") VIRTUAL 
   ) SEGMENT CREATION IMMEDIATE 
  PCTFREE 10 PCTUSED 40 INITRANS 1 MAXTRANS 255 
 NOCOMPRESS LOGGING
  STORAGE(INITIAL 65536 NEXT 1048576 MINEXTENTS 1 MAXEXTENTS 2147483645
  PCTINCREASE 0 FREELISTS 1 FREELIST GROUPS 1
  BUFFER_POOL DEFAULT FLASH_CACHE DEFAULT CELL_FLASH_CACHE DEFAULT)
  TABLESPACE "USERS" ;
--------------------------------------------------------
--  DDL for Table CUSTOMER_ACCOUNTS
--------------------------------------------------------

  CREATE TABLE "COB322"."CUSTOMER_ACCOUNTS" 
   (	"CUSTOMER_ID" NUMBER(10,0), 
	"ACCT_ID" NUMBER(10,0), 
	"ADD_DATE" DATE
   ) SEGMENT CREATION IMMEDIATE 
  PCTFREE 10 PCTUSED 40 INITRANS 1 MAXTRANS 255 
 NOCOMPRESS LOGGING
  STORAGE(INITIAL 65536 NEXT 1048576 MINEXTENTS 1 MAXEXTENTS 2147483645
  PCTINCREASE 0 FREELISTS 1 FREELIST GROUPS 1
  BUFFER_POOL DEFAULT FLASH_CACHE DEFAULT CELL_FLASH_CACHE DEFAULT)
  TABLESPACE "USERS" ;
--------------------------------------------------------
--  DDL for Table CUSTOMER_CARDS
--------------------------------------------------------

  CREATE TABLE "COB322"."CUSTOMER_CARDS" 
   (	"CARD_ID" NUMBER(10,0), 
	"CUSTOMER_ID" NUMBER(10,0)
   ) SEGMENT CREATION IMMEDIATE 
  PCTFREE 10 PCTUSED 40 INITRANS 1 MAXTRANS 255 
 NOCOMPRESS LOGGING
  STORAGE(INITIAL 65536 NEXT 1048576 MINEXTENTS 1 MAXEXTENTS 2147483645
  PCTINCREASE 0 FREELISTS 1 FREELIST GROUPS 1
  BUFFER_POOL DEFAULT FLASH_CACHE DEFAULT CELL_FLASH_CACHE DEFAULT)
  TABLESPACE "USERS" ;
--------------------------------------------------------
--  DDL for Table CUSTOMER_LOANS
--------------------------------------------------------

  CREATE TABLE "COB322"."CUSTOMER_LOANS" 
   (	"LOAN_ID" NUMBER(10,0), 
	"CUSTOMER_ID" NUMBER(10,0)
   ) SEGMENT CREATION DEFERRED 
  PCTFREE 10 PCTUSED 40 INITRANS 1 MAXTRANS 255 
 NOCOMPRESS LOGGING
  TABLESPACE "USERS" ;
--------------------------------------------------------
--  DDL for Table DEBIT_CARD
--------------------------------------------------------

  CREATE TABLE "COB322"."DEBIT_CARD" 
   (	"CARD_ID" NUMBER(10,0), 
	"PIN" NUMBER(5,0) DEFAULT 12345
   ) SEGMENT CREATION IMMEDIATE 
  PCTFREE 10 PCTUSED 40 INITRANS 1 MAXTRANS 255 
 NOCOMPRESS LOGGING
  STORAGE(INITIAL 65536 NEXT 1048576 MINEXTENTS 1 MAXEXTENTS 2147483645
  PCTINCREASE 0 FREELISTS 1 FREELIST GROUPS 1
  BUFFER_POOL DEFAULT FLASH_CACHE DEFAULT CELL_FLASH_CACHE DEFAULT)
  TABLESPACE "USERS" ;
--------------------------------------------------------
--  DDL for Table LOAN
--------------------------------------------------------

  CREATE TABLE "COB322"."LOAN" 
   (	"LOAN_ID" NUMBER GENERATED ALWAYS AS IDENTITY MINVALUE 1 MAXVALUE 9999999999999999999999999999 INCREMENT BY 1 START WITH 1 CACHE 20 NOORDER  NOCYCLE  NOKEEP  NOSCALE , 
	"PAYMENT" NUMBER(12,8), 
	"AMOUNT" NUMBER(15,0), 
	"INTEREST" NUMBER(10,0)
   ) SEGMENT CREATION IMMEDIATE 
  PCTFREE 10 PCTUSED 40 INITRANS 1 MAXTRANS 255 
 NOCOMPRESS LOGGING
  STORAGE(INITIAL 65536 NEXT 1048576 MINEXTENTS 1 MAXEXTENTS 2147483645
  PCTINCREASE 0 FREELISTS 1 FREELIST GROUPS 1
  BUFFER_POOL DEFAULT FLASH_CACHE DEFAULT CELL_FLASH_CACHE DEFAULT)
  TABLESPACE "USERS" ;
--------------------------------------------------------
--  DDL for Table LOAN_ACTION
--------------------------------------------------------

  CREATE TABLE "COB322"."LOAN_ACTION" 
   (	"PAYMENT_ID" NUMBER GENERATED ALWAYS AS IDENTITY MINVALUE 1 MAXVALUE 9999999999999999999999999999 INCREMENT BY 1 START WITH 1 CACHE 20 NOORDER  NOCYCLE  NOKEEP  NOSCALE , 
	"AMOUNT" NUMBER(12,2), 
	"TIME" TIMESTAMP (6), 
	"LOAN_ID" NUMBER, 
	"LOCATION_ID" NUMBER
   ) SEGMENT CREATION IMMEDIATE 
  PCTFREE 10 PCTUSED 40 INITRANS 1 MAXTRANS 255 
 NOCOMPRESS LOGGING
  STORAGE(INITIAL 65536 NEXT 1048576 MINEXTENTS 1 MAXEXTENTS 2147483645
  PCTINCREASE 0 FREELISTS 1 FREELIST GROUPS 1
  BUFFER_POOL DEFAULT FLASH_CACHE DEFAULT CELL_FLASH_CACHE DEFAULT)
  TABLESPACE "USERS" ;
--------------------------------------------------------
--  DDL for Table LOAN_COLLATERAL
--------------------------------------------------------

  CREATE TABLE "COB322"."LOAN_COLLATERAL" 
   (	"LOAN_ID" NUMBER(10,0), 
	"COLLATERAL_ID" NUMBER(10,0)
   ) SEGMENT CREATION DEFERRED 
  PCTFREE 10 PCTUSED 40 INITRANS 1 MAXTRANS 255 
 NOCOMPRESS LOGGING
  TABLESPACE "USERS" ;
--------------------------------------------------------
--  DDL for Table LOAN_PAYMENT
--------------------------------------------------------

  CREATE TABLE "COB322"."LOAN_PAYMENT" 
   (	"CUSTOMER_ID" NUMBER, 
	"PAYMENT_ID" NUMBER
   ) SEGMENT CREATION IMMEDIATE 
  PCTFREE 10 PCTUSED 40 INITRANS 1 MAXTRANS 255 
 NOCOMPRESS LOGGING
  STORAGE(INITIAL 65536 NEXT 1048576 MINEXTENTS 1 MAXEXTENTS 2147483645
  PCTINCREASE 0 FREELISTS 1 FREELIST GROUPS 1
  BUFFER_POOL DEFAULT FLASH_CACHE DEFAULT CELL_FLASH_CACHE DEFAULT)
  TABLESPACE "USERS" ;
--------------------------------------------------------
--  DDL for Table LOAN_PAYMENT_LOCATION
--------------------------------------------------------

  CREATE TABLE "COB322"."LOAN_PAYMENT_LOCATION" 
   (	"PAYMENT_ID" NUMBER, 
	"LOCATION_ID" NUMBER
   ) SEGMENT CREATION DEFERRED 
  PCTFREE 10 PCTUSED 40 INITRANS 1 MAXTRANS 255 
 NOCOMPRESS LOGGING
  TABLESPACE "USERS" ;
--------------------------------------------------------
--  DDL for Table LOCATION
--------------------------------------------------------

  CREATE TABLE "COB322"."LOCATION" 
   (	"LOCATION_ID" NUMBER GENERATED ALWAYS AS IDENTITY MINVALUE 1 MAXVALUE 9999999999999999999999999999 INCREMENT BY 1 START WITH 1 CACHE 20 NOORDER  NOCYCLE  NOKEEP  NOSCALE , 
	"CITY" VARCHAR2(50 BYTE), 
	"STATE" VARCHAR2(50 BYTE), 
	"ZIP" NUMBER(5,0), 
	"STREET" VARCHAR2(50 BYTE), 
	"STREET_NUM" NUMBER(10,0), 
	"ADDRESS" VARCHAR2(300 BYTE) GENERATED ALWAYS AS (TO_CHAR("STREET_NUM")||' '||"STREET"||' '||"CITY"||' '||"STATE"||' '||TO_CHAR("ZIP")) VIRTUAL 
   ) SEGMENT CREATION IMMEDIATE 
  PCTFREE 10 PCTUSED 40 INITRANS 1 MAXTRANS 255 
 NOCOMPRESS LOGGING
  STORAGE(INITIAL 65536 NEXT 1048576 MINEXTENTS 1 MAXEXTENTS 2147483645
  PCTINCREASE 0 FREELISTS 1 FREELIST GROUPS 1
  BUFFER_POOL DEFAULT FLASH_CACHE DEFAULT CELL_FLASH_CACHE DEFAULT)
  TABLESPACE "USERS" ;
--------------------------------------------------------
--  DDL for Table PURCHASES
--------------------------------------------------------

  CREATE TABLE "COB322"."PURCHASES" 
   (	"PURCHASE_ID" NUMBER GENERATED ALWAYS AS IDENTITY MINVALUE 1 MAXVALUE 9999999999999999999999999999 INCREMENT BY 1 START WITH 1 CACHE 20 NOORDER  NOCYCLE  NOKEEP  NOSCALE , 
	"PURCHASE_NAME" VARCHAR2(50 BYTE), 
	"PURCHASE_TIME" TIMESTAMP (6) DEFAULT CURRENT_TIMESTAMP, 
	"PURCHASE_AMOUNT" NUMBER(6,2)
   ) SEGMENT CREATION IMMEDIATE 
  PCTFREE 10 PCTUSED 40 INITRANS 1 MAXTRANS 255 
 NOCOMPRESS LOGGING
  STORAGE(INITIAL 65536 NEXT 1048576 MINEXTENTS 1 MAXEXTENTS 2147483645
  PCTINCREASE 0 FREELISTS 1 FREELIST GROUPS 1
  BUFFER_POOL DEFAULT FLASH_CACHE DEFAULT CELL_FLASH_CACHE DEFAULT)
  TABLESPACE "USERS" ;
--------------------------------------------------------
--  DDL for Table SECURED_LOAN
--------------------------------------------------------

  CREATE TABLE "COB322"."SECURED_LOAN" 
   (	"LOAN_ID" NUMBER(10,0)
   ) SEGMENT CREATION IMMEDIATE 
  PCTFREE 10 PCTUSED 40 INITRANS 1 MAXTRANS 255 
 NOCOMPRESS LOGGING
  STORAGE(INITIAL 65536 NEXT 1048576 MINEXTENTS 1 MAXEXTENTS 2147483645
  PCTINCREASE 0 FREELISTS 1 FREELIST GROUPS 1
  BUFFER_POOL DEFAULT FLASH_CACHE DEFAULT CELL_FLASH_CACHE DEFAULT)
  TABLESPACE "USERS" ;
REM INSERTING into COB322.ACCOUNT
SET DEFINE OFF;
Insert into COB322.ACCOUNT (ACCT_ID,BALANCE,INTEREST,CREATION_DATE) values (48,600.73,0.43,to_date('20-APR-20','DD-MON-RR'));
Insert into COB322.ACCOUNT (ACCT_ID,BALANCE,INTEREST,CREATION_DATE) values (49,548.25,0.32,to_date('20-APR-20','DD-MON-RR'));
REM INSERTING into COB322.ACCOUNT_ACTIONS
SET DEFINE OFF;
Insert into COB322.ACCOUNT_ACTIONS (ACTION_ID,AMOUNT,ACTION_TIME,LOCATION_ID) values (107,-78,to_date('20-APR-20','DD-MON-RR'),2);
Insert into COB322.ACCOUNT_ACTIONS (ACTION_ID,AMOUNT,ACTION_TIME,LOCATION_ID) values (108,78,to_date('20-APR-20','DD-MON-RR'),2);
Insert into COB322.ACCOUNT_ACTIONS (ACTION_ID,AMOUNT,ACTION_TIME,LOCATION_ID) values (106,679,to_date('20-APR-20','DD-MON-RR'),3);
Insert into COB322.ACCOUNT_ACTIONS (ACTION_ID,AMOUNT,ACTION_TIME,LOCATION_ID) values (104,500,to_date('20-APR-20','DD-MON-RR'),3);
Insert into COB322.ACCOUNT_ACTIONS (ACTION_ID,AMOUNT,ACTION_TIME,LOCATION_ID) values (105,-5,to_date('20-APR-20','DD-MON-RR'),3);
REM INSERTING into COB322.ACCOUNT_ACTIONS_LOCATION
SET DEFINE OFF;
REM INSERTING into COB322.ACCOUNT_PERFORMS
SET DEFINE OFF;
Insert into COB322.ACCOUNT_PERFORMS (CUSTOMER_ID,ACTION_ID,ACCT_ID) values (88,107,48);
Insert into COB322.ACCOUNT_PERFORMS (CUSTOMER_ID,ACTION_ID,ACCT_ID) values (88,108,49);
Insert into COB322.ACCOUNT_PERFORMS (CUSTOMER_ID,ACTION_ID,ACCT_ID) values (88,106,48);
Insert into COB322.ACCOUNT_PERFORMS (CUSTOMER_ID,ACTION_ID,ACCT_ID) values (88,104,49);
Insert into COB322.ACCOUNT_PERFORMS (CUSTOMER_ID,ACTION_ID,ACCT_ID) values (88,105,49);
REM INSERTING into COB322.ATM
SET DEFINE OFF;
Insert into COB322.ATM (OPERATOR_NAME,ATM_ID,HOURS_OF_OPERATION) values ('Huel Group',1,'24/7');
Insert into COB322.ATM (OPERATOR_NAME,ATM_ID,HOURS_OF_OPERATION) values ('Ferry Inc',2,'24/7');
Insert into COB322.ATM (OPERATOR_NAME,ATM_ID,HOURS_OF_OPERATION) values ('Koepp-Predovic',3,'24/7');
Insert into COB322.ATM (OPERATOR_NAME,ATM_ID,HOURS_OF_OPERATION) values ('Bode, Hamill and Dibbert',4,'24/7');
Insert into COB322.ATM (OPERATOR_NAME,ATM_ID,HOURS_OF_OPERATION) values ('Kessler, Becker and Williamson',5,'24/7');
Insert into COB322.ATM (OPERATOR_NAME,ATM_ID,HOURS_OF_OPERATION) values ('Nickel Savings Bank',6,'24/7');
REM INSERTING into COB322.ATM_LOCATIONS
SET DEFINE OFF;
Insert into COB322.ATM_LOCATIONS (LOCATION_ID,ATM_ID) values (2,1);
Insert into COB322.ATM_LOCATIONS (LOCATION_ID,ATM_ID) values (2,2);
Insert into COB322.ATM_LOCATIONS (LOCATION_ID,ATM_ID) values (2,3);
Insert into COB322.ATM_LOCATIONS (LOCATION_ID,ATM_ID) values (17,4);
Insert into COB322.ATM_LOCATIONS (LOCATION_ID,ATM_ID) values (4,5);
Insert into COB322.ATM_LOCATIONS (LOCATION_ID,ATM_ID) values (1,6);
REM INSERTING into COB322.BRANCH
SET DEFINE OFF;
Insert into COB322.BRANCH (BRANCH_ID,OPEN,CLOSE) values (1,'8:30 AM','7:38 PM');
Insert into COB322.BRANCH (BRANCH_ID,OPEN,CLOSE) values (2,'8:02 AM','5:51 PM');
Insert into COB322.BRANCH (BRANCH_ID,OPEN,CLOSE) values (3,'11:23 AM','7:05 PM');
REM INSERTING into COB322.BUYS
SET DEFINE OFF;
Insert into COB322.BUYS (PURCHASE_ID,CARD_ID) values (83,48);
REM INSERTING into COB322.CARD
SET DEFINE OFF;
Insert into COB322.CARD (CARD_ID,CVC,CARD_NUMBER) values (48,682,'192643574711403');
REM INSERTING into COB322.CARD_ACCOUNT
SET DEFINE OFF;
Insert into COB322.CARD_ACCOUNT (ACCT_ID,CARD_ID,ADD_DATE) values (49,48,to_date('20-APR-20','DD-MON-RR'));
REM INSERTING into COB322.CARD_ACTIONS
SET DEFINE OFF;
REM INSERTING into COB322.CARD_PAYMENTS
SET DEFINE OFF;
REM INSERTING into COB322.CARD_PERFORMS
SET DEFINE OFF;
REM INSERTING into COB322.CHECKING_ACCOUNT
SET DEFINE OFF;
Insert into COB322.CHECKING_ACCOUNT (ACCT_ID,MIN_BALANCE) values (49,40);
REM INSERTING into COB322.COLLATERAL
SET DEFINE OFF;
REM INSERTING into COB322.CREDIT_CARD
SET DEFINE OFF;
REM INSERTING into COB322.CUSTOMER
SET DEFINE OFF;
Insert into COB322.CUSTOMER (CUSTOMER_ID,FIRST_NAME,LAST_NAME,DOB,EMAIL,CREATION_DATE,ADDRESS) values (88,'Ben','"The Big Test" Kadosz',to_date('19-FEB-97','DD-MON-RR'),'boc223@luzerne.edu',to_date('20-APR-20','DD-MON-RR'),'Box 3379 Path to Prominence Way, Luzerne PA');
REM INSERTING into COB322.CUSTOMER_ACCOUNTS
SET DEFINE OFF;
Insert into COB322.CUSTOMER_ACCOUNTS (CUSTOMER_ID,ACCT_ID,ADD_DATE) values (88,48,to_date('20-APR-20','DD-MON-RR'));
Insert into COB322.CUSTOMER_ACCOUNTS (CUSTOMER_ID,ACCT_ID,ADD_DATE) values (88,49,to_date('20-APR-20','DD-MON-RR'));
REM INSERTING into COB322.CUSTOMER_CARDS
SET DEFINE OFF;
Insert into COB322.CUSTOMER_CARDS (CARD_ID,CUSTOMER_ID) values (48,88);
REM INSERTING into COB322.CUSTOMER_LOANS
SET DEFINE OFF;
REM INSERTING into COB322.DEBIT_CARD
SET DEFINE OFF;
Insert into COB322.DEBIT_CARD (CARD_ID,PIN) values (48,632);
REM INSERTING into COB322.LOAN
SET DEFINE OFF;
REM INSERTING into COB322.LOAN_ACTION
SET DEFINE OFF;
REM INSERTING into COB322.LOAN_COLLATERAL
SET DEFINE OFF;
REM INSERTING into COB322.LOAN_PAYMENT
SET DEFINE OFF;
REM INSERTING into COB322.LOAN_PAYMENT_LOCATION
SET DEFINE OFF;
REM INSERTING into COB322.LOCATION
SET DEFINE OFF;
Insert into COB322.LOCATION (LOCATION_ID,CITY,STATE,ZIP,STREET,STREET_NUM) values (1,'Lubbock','TX',79415,'Acker',40);
Insert into COB322.LOCATION (LOCATION_ID,CITY,STATE,ZIP,STREET,STREET_NUM) values (2,'Ocala','FL',34474,'Riverside',92);
Insert into COB322.LOCATION (LOCATION_ID,CITY,STATE,ZIP,STREET,STREET_NUM) values (3,'Washington','DC',20051,'Village',29548);
Insert into COB322.LOCATION (LOCATION_ID,CITY,STATE,ZIP,STREET,STREET_NUM) values (4,'Chattanooga','TN',37405,'Oak',1);
Insert into COB322.LOCATION (LOCATION_ID,CITY,STATE,ZIP,STREET,STREET_NUM) values (17,'Fresno','California',93726,'Florence',6);
REM INSERTING into COB322.PURCHASES
SET DEFINE OFF;
Insert into COB322.PURCHASES (PURCHASE_ID,PURCHASE_NAME,PURCHASE_TIME,PURCHASE_AMOUNT) values (83,'PLS WORK',to_timestamp('20-APR-20 08.00.32.558292000 PM','DD-MON-RR HH.MI.SSXFF AM'),24.75);
REM INSERTING into COB322.SECURED_LOAN
SET DEFINE OFF;
--------------------------------------------------------
--  DDL for Function CREATE_CHECKING_ACCOUNT
--------------------------------------------------------

  CREATE OR REPLACE EDITIONABLE FUNCTION "COB322"."CREATE_CHECKING_ACCOUNT" (bal in NUMBER, intr in NUMBER, mb in NUMBER, c_id IN NUMBER)
RETURN number 
IS new_acct_id NUMBER(25,0);
c_date DATE;
PRAGMA AUTONOMOUS_TRANSACTION;
BEGIN
SELECT SYSTIMESTAMP into c_date FROM dual;
INSERT INTO account(balance, interest, creation_date) VALUES(bal, intr, c_date) RETURNING acct_id INTO new_acct_id;
COMMIT;
INSERT INTO customer_accounts(customer_id, acct_id, add_date) VALUES(c_id, new_acct_id, c_date);
INSERT INTO checking_account(acct_id, min_balance) VALUES(new_acct_id, mb);
COMMIT;
RETURN(new_acct_id);
end create_checking_account;

/
--------------------------------------------------------
--  DDL for Function CREATE_CREDIT_CARD
--------------------------------------------------------

  CREATE OR REPLACE EDITIONABLE FUNCTION "COB322"."CREATE_CREDIT_CARD" (card_num IN VARCHAR2, sec_code in NUMBER, interest IN NUMBER, r_bal in NUMBER, c_lim IN NUMBER, cust_od IN NUMBER)
RETURN number
IS c_id NUMBER(25,0);
PRAGMA AUTONOMOUS_TRANSACTION;
BEGIN
INSERT INTO card(cvc, card_number) VALUES(sec_code,card_num) RETURNING card_id INTO c_id;
INSERT INTO credit_card(card_id, interest, running_balance, credit_limit) VALUES(c_id, interest, r_bal, c_lim);
COMMIT;
INSERT INTO customer_cards(card_id, customer_id) VALUES(c_id, cust_od);
COMMIT;
RETURN(c_id);
end create_credit_card;

/
--------------------------------------------------------
--  DDL for Function CREATE_DEBIT_CARD
--------------------------------------------------------

  CREATE OR REPLACE EDITIONABLE FUNCTION "COB322"."CREATE_DEBIT_CARD" (card_num IN VARCHAR2, sec_code in NUMBER, p_code in NUMBER, ac_id IN NUMBER, cust_od IN NUMBER)
RETURN number
IS c_id NUMBER(25,0);
c_date DATE;
PRAGMA AUTONOMOUS_TRANSACTION;
BEGIN
SELECT SYSTIMESTAMP into c_date FROM dual;
INSERT INTO card(cvc, card_number) VALUES(sec_code,card_num) RETURNING card_id INTO c_id;
INSERT INTO debit_card(card_id, pin) VALUES(c_id, p_code);
INSERT INTO card_account(acct_id, card_id, add_date) VALUES(ac_id, c_id, c_date);
COMMIT;
--explicitly commit since we need this data to be present here.
INSERT INTO customer_cards(card_id, customer_id) VALUES(c_id, cust_od);
COMMIT;
RETURN(c_id);
end create_debit_card;

/
--------------------------------------------------------
--  DDL for Function CREATE_NEW_CUSTOMER
--------------------------------------------------------

  CREATE OR REPLACE EDITIONABLE FUNCTION "COB322"."CREATE_NEW_CUSTOMER" (fname in VARCHAR2, lname in VARCHAR2, d in Date, e in VARCHAR2, a in VARCHAR2)
RETURN number 
IS new_user_id NUMBER(25,0);
c_date DATE;
PRAGMA AUTONOMOUS_TRANSACTION;
BEGIN
SELECT SYSTIMESTAMP into c_date FROM dual; 
INSERT INTO customer(first_name, last_name, creation_date, email, DOB, address) VALUES(fname,lname, c_date, e, d, a) RETURNING customer_id INTO new_user_id;
COMMIT;
RETURN(new_user_id);
end create_new_customer;

/
--------------------------------------------------------
--  DDL for Function CREATE_SAVINGS_ACCOUNT
--------------------------------------------------------

  CREATE OR REPLACE EDITIONABLE FUNCTION "COB322"."CREATE_SAVINGS_ACCOUNT" (bal in NUMBER, intr in NUMBER, c_id IN NUMBER)
RETURN number IS new_acct_id NUMBER(25,0);
c_date DATE;
PRAGMA AUTONOMOUS_TRANSACTION;
BEGIN
SELECT SYSTIMESTAMP into c_date FROM dual;
INSERT INTO account(balance, interest, creation_date) VALUES(bal, intr, c_date) RETURNING acct_id INTO new_acct_id;
COMMIT;
INSERT INTO customer_accounts(customer_id, acct_id, add_date) VALUES(c_id, new_acct_id, c_date);
COMMIT;
RETURN(new_acct_id);
end create_savings_account;

/
--------------------------------------------------------
--  DDL for Function DEPTEST
--------------------------------------------------------

  CREATE OR REPLACE EDITIONABLE FUNCTION "COB322"."DEPTEST" (d in varchar) return number as
t number := 0;
begin
SELECT count(capacity) into t FROM classroom WHERE building = d;
return t;
end;

/
--------------------------------------------------------
--  DDL for Function DEPT_COUNT
--------------------------------------------------------

  CREATE OR REPLACE EDITIONABLE FUNCTION "COB322"."DEPT_COUNT" (dname in instructor.dept_name%type)
return INTEGER
as
d_count integer;
begin
select count(*) into d_count
from instructor
where instructor.dept_name = dname;
return d_count;
end;

/
--------------------------------------------------------
--  DDL for Function DO_ACCOUNT_ACTION
--------------------------------------------------------

  CREATE OR REPLACE EDITIONABLE FUNCTION "COB322"."DO_ACCOUNT_ACTION" (amt in NUMBER, loc in NUMBER, a_id in NUMBER, c_id in NUMBER)
RETURN number
IS new_bal_ret number(10,4);
PRAGMA AUTONOMOUS_TRANSACTION;
old_bal NUMBER;
new_bal NUMBER;
min_bal NUMBER;
ac_id NUMBER;
BEGIN
SELeCT nvl(min_balance, 0) INTO min_bal FROM account NATURal LEFT JOIN checking_account WHERE acct_id = a_id;
SELECT balance into old_bal FROM account where acct_id = a_id;
INSERT INTO account_actions(amount, action_time, location_id) VALUES(amt, (SELECT TO_CHAR(CURRENT_DATE, 'DD-MON-YYYY') FROM dual),loc) RETURNING action_id into ac_id;
INSERT INTO account_actions_location(action_id, location_id) VALUES(ac_id, loc);
commit;
--UPDATE account SET balance = balance + amount WHERE acct_id = a_id;
IF old_bal + amt < min_bal THEN 
    RETURN(-1 * old_bal);
END IF;
INSERT INTO account_performs(customer_id, action_id, acct_id) VALUES(c_id, ac_id, a_id);
UPDATE account SET balance = balance + amt WHERE acct_id = a_id;
SELECT balance into new_bal FROM account where acct_id = a_id;
commit;
RETURN(new_bal);
END do_account_action;

/
--------------------------------------------------------
--  DDL for Function GET_COUNT_DEPT
--------------------------------------------------------

  CREATE OR REPLACE EDITIONABLE FUNCTION "COB322"."GET_COUNT_DEPT" (d in department.dept_name%type) return number as
m number;
begin
SELECT count(building) into m FROM classroom NATURAL JOIN department WHERE dept_name = d;
return m;
end;

/
--------------------------------------------------------
--  DDL for Function MAKE_PURCHASE_CREDIT
--------------------------------------------------------

  CREATE OR REPLACE EDITIONABLE FUNCTION "COB322"."MAKE_PURCHASE_CREDIT" (amt in NUMBER, p_name in VARCHAR2, c_id in NUMBER)
RETURN number
IS new_purchase_id number(25,0);
c_lim NUMBER(10,2);
r_bal NUMBER(10,2);
PRAGMA AUTONOMOUS_TRANSACTION;
BEGIN
SELECT credit_limit, running_balance into c_lim, r_bal FROM credit_card WHERE card_id = c_id;
-- error out if insufficient funds
IF r_bal + amt > c_lim THEN RETURN(-1); END IF;
UPDATE CREDIT_CARD SET RUNNING_BALANCE = r_bal + amt WHERE card_id = c_id;
INSERT INTO purchases(purchase_name, purchase_amount) VALUES(p_name, amt) RETURNING purchase_id INTO new_purchase_id;
INSERT INTO BUYS(purchase_id, card_id) VALUES(new_purchase_id, c_id);
COMMIT;
RETURN(new_purchase_id);
end make_purchase_credit;

/
--------------------------------------------------------
--  DDL for Function MAKE_PURCHASE_DEBIT
--------------------------------------------------------

  CREATE OR REPLACE EDITIONABLE FUNCTION "COB322"."MAKE_PURCHASE_DEBIT" (amt in NUMBER, p_name in VARCHAR2, c_id IN NUMBER)
RETURN number
IS new_purchase_id number(25,0);
acct_lim NUMBER(15,2);
ac_id NUMBER;
PRAGMA AUTONOMOUS_TRANSACTION;
BEGIN
SELECT balance, acct_id into acct_lim, ac_id FROM debit_card NATURAL JOIN account NATURAL JOIN card_account WHERE card_id = c_id;
--DBMS_OUTPUT.put_line(acct_lim);
--DBMS_OUTPUT.put_line(amt);
IF amt > acct_lim THEN RETURN(-1); END IF;

UPDATE account SET balance = balance - amt WHERE acct_id = ac_id;
commit;
INSERT INTO purchases(purchase_name, purchase_amount) VALUES(p_name, amt) RETURNING purchase_id INTO new_purchase_id;
INSERT INTO BUYS(purchase_id, card_id) VALUES(new_purchase_id, c_id);
COMMIT;
RETURN(new_purchase_id);
end make_purchase_debit;

/
--------------------------------------------------------
--  DDL for Function NUM_ACCOUNTS
--------------------------------------------------------

  CREATE OR REPLACE EDITIONABLE FUNCTION "COB322"."NUM_ACCOUNTS" (c_id in NUMBER)
RETURN number
IS c number(5,2);
BEGIN
SELECT count(acct_id) INTO c FROM customer_accounts WHERE customer_id = c_id;
RETURN(c);
END num_accounts;

/
--------------------------------------------------------
--  DDL for Function NUM_CARDS
--------------------------------------------------------

  CREATE OR REPLACE EDITIONABLE FUNCTION "COB322"."NUM_CARDS" (c_id in NUMBER)
RETURN number
IS c number(5,2);
BEGIN
SELECT count(customer_id) INTO c FROM customer_cards WHERE customer_id = c_id;
RETURN(c);
END num_cards;

/
--------------------------------------------------------
--  DDL for Function NUM_CHECKING_ACCOUNTS
--------------------------------------------------------

  CREATE OR REPLACE EDITIONABLE FUNCTION "COB322"."NUM_CHECKING_ACCOUNTS" (c_id IN NUMBER)
RETURN number
IS num_chck NUMBER(25);
BEGIN
SELECT count(*) into num_chck FROM customer_accounts NATURAL JOIN checking_account WHERE customer_id = c_id;
RETURN(num_chck);
end num_checking_accounts;

/
--------------------------------------------------------
--  DDL for Function NUM_CREDIT
--------------------------------------------------------

  CREATE OR REPLACE EDITIONABLE FUNCTION "COB322"."NUM_CREDIT" (c_id in NUMBER)
RETURN number
IS c number(5);
BEGIN
SELECT count(customer_id) INTO c FROM customer_cards NATURAL JOIN credit_card WHERE customer_id = c_id;
RETURN(c);
END num_credit;

/
--------------------------------------------------------
--  DDL for Function NUM_DEBIT
--------------------------------------------------------

  CREATE OR REPLACE EDITIONABLE FUNCTION "COB322"."NUM_DEBIT" (c_id in NUMBER)
RETURN number
IS c number(5);
BEGIN
SELECT count(customer_id) INTO c FROM customer_cards NATURAL JOIN debit_card WHERE customer_id = c_id;
RETURN(c);
END num_debit;

/
--------------------------------------------------------
--  DDL for Function UPDATE_CUSTOMER
--------------------------------------------------------

  CREATE OR REPLACE EDITIONABLE FUNCTION "COB322"."UPDATE_CUSTOMER" (c_id in NUMBER, fname in VARCHAR2, lname in VARCHAR2, e in VARCHAR2, a in VARCHAR2)
RETURN number 
IS new_user_id NUMBER(25,0);
--https://stackoverflow.com/questions/8729236/solution-to-cannot-perform-a-dml-operation-inside-a-query
PRAGMA AUTONOMOUS_TRANSACTION;
BEGIN
UPDATE customer SET email = e, first_name = fname, last_name = lname, address = a WHERE customer_id = c_id;
COMMIT;
RETURN(c_id);
end update_customer;

/
--------------------------------------------------------
--  Constraints for Table CARD_ACCOUNT
--------------------------------------------------------

  ALTER TABLE "COB322"."CARD_ACCOUNT" ADD CONSTRAINT "CARD_ACC_PK" PRIMARY KEY ("ACCT_ID", "CARD_ID")
  USING INDEX PCTFREE 10 INITRANS 2 MAXTRANS 255 COMPUTE STATISTICS 
  STORAGE(INITIAL 65536 NEXT 1048576 MINEXTENTS 1 MAXEXTENTS 2147483645
  PCTINCREASE 0 FREELISTS 1 FREELIST GROUPS 1
  BUFFER_POOL DEFAULT FLASH_CACHE DEFAULT CELL_FLASH_CACHE DEFAULT)
  TABLESPACE "USERS"  ENABLE;
--------------------------------------------------------
--  Constraints for Table CARD_PERFORMS
--------------------------------------------------------

  ALTER TABLE "COB322"."CARD_PERFORMS" MODIFY ("CUSTOMER_ID" NOT NULL ENABLE);
  ALTER TABLE "COB322"."CARD_PERFORMS" MODIFY ("ACTION_ID" NOT NULL ENABLE);
  ALTER TABLE "COB322"."CARD_PERFORMS" MODIFY ("PAYMENT_ID" NOT NULL ENABLE);
  ALTER TABLE "COB322"."CARD_PERFORMS" ADD CONSTRAINT "CARD_PERFORMS_PK" PRIMARY KEY ("ACTION_ID")
  USING INDEX PCTFREE 10 INITRANS 2 MAXTRANS 255 COMPUTE STATISTICS 
  TABLESPACE "USERS"  ENABLE;
--------------------------------------------------------
--  Constraints for Table LOCATION
--------------------------------------------------------

  ALTER TABLE "COB322"."LOCATION" MODIFY ("LOCATION_ID" NOT NULL ENABLE);
  ALTER TABLE "COB322"."LOCATION" ADD CONSTRAINT "LOCATION_PK" PRIMARY KEY ("LOCATION_ID")
  USING INDEX PCTFREE 10 INITRANS 2 MAXTRANS 255 COMPUTE STATISTICS 
  STORAGE(INITIAL 65536 NEXT 1048576 MINEXTENTS 1 MAXEXTENTS 2147483645
  PCTINCREASE 0 FREELISTS 1 FREELIST GROUPS 1
  BUFFER_POOL DEFAULT FLASH_CACHE DEFAULT CELL_FLASH_CACHE DEFAULT)
  TABLESPACE "USERS"  ENABLE;
--------------------------------------------------------
--  Constraints for Table LOAN_PAYMENT_LOCATION
--------------------------------------------------------

  ALTER TABLE "COB322"."LOAN_PAYMENT_LOCATION" MODIFY ("PAYMENT_ID" NOT NULL ENABLE);
  ALTER TABLE "COB322"."LOAN_PAYMENT_LOCATION" MODIFY ("LOCATION_ID" NOT NULL ENABLE);
  ALTER TABLE "COB322"."LOAN_PAYMENT_LOCATION" ADD CONSTRAINT "LOAN_PAYMENT_LOCATION_PK" PRIMARY KEY ("PAYMENT_ID")
  USING INDEX PCTFREE 10 INITRANS 2 MAXTRANS 255 COMPUTE STATISTICS 
  TABLESPACE "USERS"  ENABLE;
--------------------------------------------------------
--  Constraints for Table LOAN_PAYMENT
--------------------------------------------------------

  ALTER TABLE "COB322"."LOAN_PAYMENT" ADD CONSTRAINT "LOAN_PAYMENT_PK" PRIMARY KEY ("PAYMENT_ID")
  USING INDEX PCTFREE 10 INITRANS 2 MAXTRANS 255 COMPUTE STATISTICS 
  STORAGE(INITIAL 65536 NEXT 1048576 MINEXTENTS 1 MAXEXTENTS 2147483645
  PCTINCREASE 0 FREELISTS 1 FREELIST GROUPS 1
  BUFFER_POOL DEFAULT FLASH_CACHE DEFAULT CELL_FLASH_CACHE DEFAULT)
  TABLESPACE "USERS"  ENABLE;
--------------------------------------------------------
--  Constraints for Table CREDIT_CARD
--------------------------------------------------------

  ALTER TABLE "COB322"."CREDIT_CARD" MODIFY ("CREDIT_LIMIT" NOT NULL ENABLE);
  ALTER TABLE "COB322"."CREDIT_CARD" MODIFY ("CARD_ID" NOT NULL ENABLE);
  ALTER TABLE "COB322"."CREDIT_CARD" MODIFY ("RUNNING_BALANCE" NOT NULL ENABLE);
  ALTER TABLE "COB322"."CREDIT_CARD" ADD CONSTRAINT "CREDIT_PK" PRIMARY KEY ("CARD_ID")
  USING INDEX PCTFREE 10 INITRANS 2 MAXTRANS 255 COMPUTE STATISTICS 
  STORAGE(INITIAL 65536 NEXT 1048576 MINEXTENTS 1 MAXEXTENTS 2147483645
  PCTINCREASE 0 FREELISTS 1 FREELIST GROUPS 1
  BUFFER_POOL DEFAULT FLASH_CACHE DEFAULT CELL_FLASH_CACHE DEFAULT)
  TABLESPACE "USERS"  ENABLE;
--------------------------------------------------------
--  Constraints for Table ACCOUNT_ACTIONS
--------------------------------------------------------

  ALTER TABLE "COB322"."ACCOUNT_ACTIONS" MODIFY ("ACTION_ID" NOT NULL ENABLE);
  ALTER TABLE "COB322"."ACCOUNT_ACTIONS" MODIFY ("AMOUNT" NOT NULL ENABLE);
  ALTER TABLE "COB322"."ACCOUNT_ACTIONS" ADD CONSTRAINT "ACCT_ACTIONS_PK" PRIMARY KEY ("ACTION_ID")
  USING INDEX PCTFREE 10 INITRANS 2 MAXTRANS 255 COMPUTE STATISTICS 
  STORAGE(INITIAL 65536 NEXT 1048576 MINEXTENTS 1 MAXEXTENTS 2147483645
  PCTINCREASE 0 FREELISTS 1 FREELIST GROUPS 1
  BUFFER_POOL DEFAULT FLASH_CACHE DEFAULT CELL_FLASH_CACHE DEFAULT)
  TABLESPACE "USERS"  ENABLE;
--------------------------------------------------------
--  Constraints for Table ATM
--------------------------------------------------------

  ALTER TABLE "COB322"."ATM" MODIFY ("ATM_ID" NOT NULL ENABLE);
  ALTER TABLE "COB322"."ATM" ADD CONSTRAINT "ATM_PK" PRIMARY KEY ("ATM_ID")
  USING INDEX PCTFREE 10 INITRANS 2 MAXTRANS 255 COMPUTE STATISTICS 
  STORAGE(INITIAL 65536 NEXT 1048576 MINEXTENTS 1 MAXEXTENTS 2147483645
  PCTINCREASE 0 FREELISTS 1 FREELIST GROUPS 1
  BUFFER_POOL DEFAULT FLASH_CACHE DEFAULT CELL_FLASH_CACHE DEFAULT)
  TABLESPACE "USERS"  ENABLE;
--------------------------------------------------------
--  Constraints for Table BUYS
--------------------------------------------------------

  ALTER TABLE "COB322"."BUYS" ADD CONSTRAINT "BUYS_PK" PRIMARY KEY ("PURCHASE_ID")
  USING INDEX PCTFREE 10 INITRANS 2 MAXTRANS 255 COMPUTE STATISTICS 
  STORAGE(INITIAL 65536 NEXT 1048576 MINEXTENTS 1 MAXEXTENTS 2147483645
  PCTINCREASE 0 FREELISTS 1 FREELIST GROUPS 1
  BUFFER_POOL DEFAULT FLASH_CACHE DEFAULT CELL_FLASH_CACHE DEFAULT)
  TABLESPACE "USERS"  ENABLE;
--------------------------------------------------------
--  Constraints for Table LOAN
--------------------------------------------------------

  ALTER TABLE "COB322"."LOAN" MODIFY ("LOAN_ID" NOT NULL ENABLE);
  ALTER TABLE "COB322"."LOAN" MODIFY ("PAYMENT" NOT NULL ENABLE);
  ALTER TABLE "COB322"."LOAN" MODIFY ("AMOUNT" NOT NULL ENABLE);
  ALTER TABLE "COB322"."LOAN" ADD CONSTRAINT "LOAN_PK" PRIMARY KEY ("LOAN_ID")
  USING INDEX PCTFREE 10 INITRANS 2 MAXTRANS 255 COMPUTE STATISTICS 
  STORAGE(INITIAL 65536 NEXT 1048576 MINEXTENTS 1 MAXEXTENTS 2147483645
  PCTINCREASE 0 FREELISTS 1 FREELIST GROUPS 1
  BUFFER_POOL DEFAULT FLASH_CACHE DEFAULT CELL_FLASH_CACHE DEFAULT)
  TABLESPACE "USERS"  ENABLE;
--------------------------------------------------------
--  Constraints for Table CUSTOMER
--------------------------------------------------------

  ALTER TABLE "COB322"."CUSTOMER" MODIFY ("CUSTOMER_ID" NOT NULL ENABLE);
  ALTER TABLE "COB322"."CUSTOMER" MODIFY ("FIRST_NAME" NOT NULL ENABLE);
  ALTER TABLE "COB322"."CUSTOMER" MODIFY ("LAST_NAME" NOT NULL ENABLE);
  ALTER TABLE "COB322"."CUSTOMER" MODIFY ("DOB" NOT NULL ENABLE);
  ALTER TABLE "COB322"."CUSTOMER" ADD CONSTRAINT "CUSTOMER_PK" PRIMARY KEY ("CUSTOMER_ID")
  USING INDEX PCTFREE 10 INITRANS 2 MAXTRANS 255 COMPUTE STATISTICS 
  STORAGE(INITIAL 65536 NEXT 1048576 MINEXTENTS 1 MAXEXTENTS 2147483645
  PCTINCREASE 0 FREELISTS 1 FREELIST GROUPS 1
  BUFFER_POOL DEFAULT FLASH_CACHE DEFAULT CELL_FLASH_CACHE DEFAULT)
  TABLESPACE "USERS"  ENABLE;
  ALTER TABLE "COB322"."CUSTOMER" MODIFY ("ADDRESS" NOT NULL ENABLE);
  ALTER TABLE "COB322"."CUSTOMER" MODIFY ("EMAIL" NOT NULL ENABLE);
  ALTER TABLE "COB322"."CUSTOMER" MODIFY ("CREATION_DATE" NOT NULL ENABLE);
  ALTER TABLE "COB322"."CUSTOMER" MODIFY ("NAME" NOT NULL ENABLE);
--------------------------------------------------------
--  Constraints for Table ACCOUNT
--------------------------------------------------------

  ALTER TABLE "COB322"."ACCOUNT" MODIFY ("ACCT_ID" NOT NULL ENABLE);
  ALTER TABLE "COB322"."ACCOUNT" MODIFY ("BALANCE" NOT NULL ENABLE);
  ALTER TABLE "COB322"."ACCOUNT" MODIFY ("INTEREST" NOT NULL ENABLE);
  ALTER TABLE "COB322"."ACCOUNT" ADD CONSTRAINT "ACC_PK" PRIMARY KEY ("ACCT_ID")
  USING INDEX PCTFREE 10 INITRANS 2 MAXTRANS 255 COMPUTE STATISTICS 
  STORAGE(INITIAL 65536 NEXT 1048576 MINEXTENTS 1 MAXEXTENTS 2147483645
  PCTINCREASE 0 FREELISTS 1 FREELIST GROUPS 1
  BUFFER_POOL DEFAULT FLASH_CACHE DEFAULT CELL_FLASH_CACHE DEFAULT)
  TABLESPACE "USERS"  ENABLE;
--------------------------------------------------------
--  Constraints for Table CHECKING_ACCOUNT
--------------------------------------------------------

  ALTER TABLE "COB322"."CHECKING_ACCOUNT" MODIFY ("ACCT_ID" NOT NULL ENABLE);
  ALTER TABLE "COB322"."CHECKING_ACCOUNT" MODIFY ("MIN_BALANCE" NOT NULL ENABLE);
  ALTER TABLE "COB322"."CHECKING_ACCOUNT" ADD CONSTRAINT "CK_ACCT_PK" PRIMARY KEY ("ACCT_ID")
  USING INDEX PCTFREE 10 INITRANS 2 MAXTRANS 255 COMPUTE STATISTICS 
  STORAGE(INITIAL 65536 NEXT 1048576 MINEXTENTS 1 MAXEXTENTS 2147483645
  PCTINCREASE 0 FREELISTS 1 FREELIST GROUPS 1
  BUFFER_POOL DEFAULT FLASH_CACHE DEFAULT CELL_FLASH_CACHE DEFAULT)
  TABLESPACE "USERS"  ENABLE;
--------------------------------------------------------
--  Constraints for Table COLLATERAL
--------------------------------------------------------

  ALTER TABLE "COB322"."COLLATERAL" MODIFY ("COLLATERAL_ID" NOT NULL ENABLE);
  ALTER TABLE "COB322"."COLLATERAL" MODIFY ("COLLATERAL_VALUE" NOT NULL ENABLE);
  ALTER TABLE "COB322"."COLLATERAL" ADD CONSTRAINT "COLLATERAL_PK" PRIMARY KEY ("COLLATERAL_ID")
  USING INDEX PCTFREE 10 INITRANS 2 MAXTRANS 255 COMPUTE STATISTICS 
  STORAGE(INITIAL 65536 NEXT 1048576 MINEXTENTS 1 MAXEXTENTS 2147483645
  PCTINCREASE 0 FREELISTS 1 FREELIST GROUPS 1
  BUFFER_POOL DEFAULT FLASH_CACHE DEFAULT CELL_FLASH_CACHE DEFAULT)
  TABLESPACE "USERS"  ENABLE;
  ALTER TABLE "COB322"."COLLATERAL" MODIFY ("ADDRESS" NOT NULL ENABLE);
--------------------------------------------------------
--  Constraints for Table ATM_LOCATIONS
--------------------------------------------------------

  ALTER TABLE "COB322"."ATM_LOCATIONS" MODIFY ("LOCATION_ID" NOT NULL ENABLE);
  ALTER TABLE "COB322"."ATM_LOCATIONS" MODIFY ("ATM_ID" NOT NULL ENABLE);
  ALTER TABLE "COB322"."ATM_LOCATIONS" ADD CONSTRAINT "ATM_LOCATIONS_PK" PRIMARY KEY ("ATM_ID", "LOCATION_ID")
  USING INDEX PCTFREE 10 INITRANS 2 MAXTRANS 255 COMPUTE STATISTICS 
  STORAGE(INITIAL 65536 NEXT 1048576 MINEXTENTS 1 MAXEXTENTS 2147483645
  PCTINCREASE 0 FREELISTS 1 FREELIST GROUPS 1
  BUFFER_POOL DEFAULT FLASH_CACHE DEFAULT CELL_FLASH_CACHE DEFAULT)
  TABLESPACE "USERS"  ENABLE;
--------------------------------------------------------
--  Constraints for Table SECURED_LOAN
--------------------------------------------------------

  ALTER TABLE "COB322"."SECURED_LOAN" MODIFY ("LOAN_ID" NOT NULL ENABLE);
  ALTER TABLE "COB322"."SECURED_LOAN" ADD CONSTRAINT "SECURED_LOAN_PK" PRIMARY KEY ("LOAN_ID")
  USING INDEX PCTFREE 10 INITRANS 2 MAXTRANS 255 COMPUTE STATISTICS 
  STORAGE(INITIAL 65536 NEXT 1048576 MINEXTENTS 1 MAXEXTENTS 2147483645
  PCTINCREASE 0 FREELISTS 1 FREELIST GROUPS 1
  BUFFER_POOL DEFAULT FLASH_CACHE DEFAULT CELL_FLASH_CACHE DEFAULT)
  TABLESPACE "USERS"  ENABLE;
--------------------------------------------------------
--  Constraints for Table CARD
--------------------------------------------------------

  ALTER TABLE "COB322"."CARD" MODIFY ("CARD_ID" NOT NULL ENABLE);
  ALTER TABLE "COB322"."CARD" MODIFY ("CVC" NOT NULL ENABLE);
  ALTER TABLE "COB322"."CARD" ADD CONSTRAINT "CARD_PK" PRIMARY KEY ("CARD_ID")
  USING INDEX PCTFREE 10 INITRANS 2 MAXTRANS 255 COMPUTE STATISTICS 
  STORAGE(INITIAL 65536 NEXT 1048576 MINEXTENTS 1 MAXEXTENTS 2147483645
  PCTINCREASE 0 FREELISTS 1 FREELIST GROUPS 1
  BUFFER_POOL DEFAULT FLASH_CACHE DEFAULT CELL_FLASH_CACHE DEFAULT)
  TABLESPACE "USERS"  ENABLE;
--------------------------------------------------------
--  Constraints for Table CARD_PAYMENTS
--------------------------------------------------------

  ALTER TABLE "COB322"."CARD_PAYMENTS" ADD CONSTRAINT "CARD_PAYMENTS_PK" PRIMARY KEY ("ACTION_ID")
  USING INDEX PCTFREE 10 INITRANS 2 MAXTRANS 255 COMPUTE STATISTICS 
  TABLESPACE "USERS"  ENABLE;
--------------------------------------------------------
--  Constraints for Table ACCOUNT_PERFORMS
--------------------------------------------------------

  ALTER TABLE "COB322"."ACCOUNT_PERFORMS" MODIFY ("CUSTOMER_ID" NOT NULL ENABLE);
  ALTER TABLE "COB322"."ACCOUNT_PERFORMS" MODIFY ("ACTION_ID" NOT NULL ENABLE);
  ALTER TABLE "COB322"."ACCOUNT_PERFORMS" MODIFY ("ACCT_ID" NOT NULL ENABLE);
  ALTER TABLE "COB322"."ACCOUNT_PERFORMS" ADD CONSTRAINT "ACCT_PERFORMS_PK" PRIMARY KEY ("ACTION_ID")
  USING INDEX PCTFREE 10 INITRANS 2 MAXTRANS 255 COMPUTE STATISTICS 
  STORAGE(INITIAL 65536 NEXT 1048576 MINEXTENTS 1 MAXEXTENTS 2147483645
  PCTINCREASE 0 FREELISTS 1 FREELIST GROUPS 1
  BUFFER_POOL DEFAULT FLASH_CACHE DEFAULT CELL_FLASH_CACHE DEFAULT)
  TABLESPACE "USERS"  ENABLE;
--------------------------------------------------------
--  Constraints for Table BRANCH
--------------------------------------------------------

  ALTER TABLE "COB322"."BRANCH" MODIFY ("BRANCH_ID" NOT NULL ENABLE);
  ALTER TABLE "COB322"."BRANCH" ADD CONSTRAINT "BRANCH_PK" PRIMARY KEY ("BRANCH_ID")
  USING INDEX PCTFREE 10 INITRANS 2 MAXTRANS 255 COMPUTE STATISTICS 
  STORAGE(INITIAL 65536 NEXT 1048576 MINEXTENTS 1 MAXEXTENTS 2147483645
  PCTINCREASE 0 FREELISTS 1 FREELIST GROUPS 1
  BUFFER_POOL DEFAULT FLASH_CACHE DEFAULT CELL_FLASH_CACHE DEFAULT)
  TABLESPACE "USERS"  ENABLE;
--------------------------------------------------------
--  Constraints for Table CUSTOMER_LOANS
--------------------------------------------------------

  ALTER TABLE "COB322"."CUSTOMER_LOANS" MODIFY ("LOAN_ID" NOT NULL ENABLE);
  ALTER TABLE "COB322"."CUSTOMER_LOANS" MODIFY ("CUSTOMER_ID" NOT NULL ENABLE);
  ALTER TABLE "COB322"."CUSTOMER_LOANS" ADD CONSTRAINT "CUSTOMER_LOANS_PK" PRIMARY KEY ("LOAN_ID", "CUSTOMER_ID")
  USING INDEX PCTFREE 10 INITRANS 2 MAXTRANS 255 COMPUTE STATISTICS 
  TABLESPACE "USERS"  ENABLE;
--------------------------------------------------------
--  Constraints for Table ACCOUNT_ACTIONS_LOCATION
--------------------------------------------------------

  ALTER TABLE "COB322"."ACCOUNT_ACTIONS_LOCATION" ADD CONSTRAINT "ACCOUNT_ACTIONS_LOCATION_PK" PRIMARY KEY ("ACTION_ID")
  USING INDEX PCTFREE 10 INITRANS 2 MAXTRANS 255 COMPUTE STATISTICS 
  TABLESPACE "USERS"  ENABLE;
--------------------------------------------------------
--  Constraints for Table LOAN_ACTION
--------------------------------------------------------

  ALTER TABLE "COB322"."LOAN_ACTION" MODIFY ("PAYMENT_ID" NOT NULL ENABLE);
  ALTER TABLE "COB322"."LOAN_ACTION" MODIFY ("AMOUNT" NOT NULL ENABLE);
  ALTER TABLE "COB322"."LOAN_ACTION" ADD CONSTRAINT "LOAN_ACTION_PK" PRIMARY KEY ("PAYMENT_ID")
  USING INDEX PCTFREE 10 INITRANS 2 MAXTRANS 255 COMPUTE STATISTICS 
  STORAGE(INITIAL 65536 NEXT 1048576 MINEXTENTS 1 MAXEXTENTS 2147483645
  PCTINCREASE 0 FREELISTS 1 FREELIST GROUPS 1
  BUFFER_POOL DEFAULT FLASH_CACHE DEFAULT CELL_FLASH_CACHE DEFAULT)
  TABLESPACE "USERS"  ENABLE;
--------------------------------------------------------
--  Constraints for Table CARD_ACTIONS
--------------------------------------------------------

  ALTER TABLE "COB322"."CARD_ACTIONS" MODIFY ("ACTION_ID" NOT NULL ENABLE);
  ALTER TABLE "COB322"."CARD_ACTIONS" MODIFY ("AMOUNT" NOT NULL ENABLE);
  ALTER TABLE "COB322"."CARD_ACTIONS" ADD CONSTRAINT "CARD_ACTIONS_PK" PRIMARY KEY ("ACTION_ID")
  USING INDEX PCTFREE 10 INITRANS 2 MAXTRANS 255 COMPUTE STATISTICS 
  TABLESPACE "USERS"  ENABLE;
--------------------------------------------------------
--  Constraints for Table CUSTOMER_ACCOUNTS
--------------------------------------------------------

  ALTER TABLE "COB322"."CUSTOMER_ACCOUNTS" ADD CONSTRAINT "HOLDS_PK" PRIMARY KEY ("CUSTOMER_ID", "ACCT_ID")
  USING INDEX PCTFREE 10 INITRANS 2 MAXTRANS 255 COMPUTE STATISTICS 
  STORAGE(INITIAL 65536 NEXT 1048576 MINEXTENTS 1 MAXEXTENTS 2147483645
  PCTINCREASE 0 FREELISTS 1 FREELIST GROUPS 1
  BUFFER_POOL DEFAULT FLASH_CACHE DEFAULT CELL_FLASH_CACHE DEFAULT)
  TABLESPACE "USERS"  ENABLE;
--------------------------------------------------------
--  Constraints for Table LOAN_COLLATERAL
--------------------------------------------------------

  ALTER TABLE "COB322"."LOAN_COLLATERAL" MODIFY ("LOAN_ID" NOT NULL ENABLE);
  ALTER TABLE "COB322"."LOAN_COLLATERAL" MODIFY ("COLLATERAL_ID" NOT NULL ENABLE);
  ALTER TABLE "COB322"."LOAN_COLLATERAL" ADD CONSTRAINT "LOAN_COLLATERAL_PK" PRIMARY KEY ("LOAN_ID", "COLLATERAL_ID")
  USING INDEX PCTFREE 10 INITRANS 2 MAXTRANS 255 COMPUTE STATISTICS 
  TABLESPACE "USERS"  ENABLE;
--------------------------------------------------------
--  Constraints for Table CUSTOMER_CARDS
--------------------------------------------------------

  ALTER TABLE "COB322"."CUSTOMER_CARDS" MODIFY ("CARD_ID" NOT NULL ENABLE);
  ALTER TABLE "COB322"."CUSTOMER_CARDS" MODIFY ("CUSTOMER_ID" NOT NULL ENABLE);
  ALTER TABLE "COB322"."CUSTOMER_CARDS" ADD CONSTRAINT "CUSTOMER_CARDS_PK" PRIMARY KEY ("CARD_ID", "CUSTOMER_ID")
  USING INDEX PCTFREE 10 INITRANS 2 MAXTRANS 255 COMPUTE STATISTICS 
  STORAGE(INITIAL 65536 NEXT 1048576 MINEXTENTS 1 MAXEXTENTS 2147483645
  PCTINCREASE 0 FREELISTS 1 FREELIST GROUPS 1
  BUFFER_POOL DEFAULT FLASH_CACHE DEFAULT CELL_FLASH_CACHE DEFAULT)
  TABLESPACE "USERS"  ENABLE;
--------------------------------------------------------
--  Constraints for Table DEBIT_CARD
--------------------------------------------------------

  ALTER TABLE "COB322"."DEBIT_CARD" MODIFY ("PIN" NOT NULL ENABLE);
  ALTER TABLE "COB322"."DEBIT_CARD" ADD CONSTRAINT "DEBIT_PK" PRIMARY KEY ("CARD_ID")
  USING INDEX PCTFREE 10 INITRANS 2 MAXTRANS 255 COMPUTE STATISTICS 
  STORAGE(INITIAL 65536 NEXT 1048576 MINEXTENTS 1 MAXEXTENTS 2147483645
  PCTINCREASE 0 FREELISTS 1 FREELIST GROUPS 1
  BUFFER_POOL DEFAULT FLASH_CACHE DEFAULT CELL_FLASH_CACHE DEFAULT)
  TABLESPACE "USERS"  ENABLE;
--------------------------------------------------------
--  Constraints for Table PURCHASES
--------------------------------------------------------

  ALTER TABLE "COB322"."PURCHASES" MODIFY ("PURCHASE_ID" NOT NULL ENABLE);
  ALTER TABLE "COB322"."PURCHASES" MODIFY ("PURCHASE_NAME" NOT NULL ENABLE);
  ALTER TABLE "COB322"."PURCHASES" MODIFY ("PURCHASE_AMOUNT" NOT NULL ENABLE);
  ALTER TABLE "COB322"."PURCHASES" ADD CONSTRAINT "PURCHASES_PK" PRIMARY KEY ("PURCHASE_ID")
  USING INDEX PCTFREE 10 INITRANS 2 MAXTRANS 255 COMPUTE STATISTICS 
  STORAGE(INITIAL 65536 NEXT 1048576 MINEXTENTS 1 MAXEXTENTS 2147483645
  PCTINCREASE 0 FREELISTS 1 FREELIST GROUPS 1
  BUFFER_POOL DEFAULT FLASH_CACHE DEFAULT CELL_FLASH_CACHE DEFAULT)
  TABLESPACE "USERS"  ENABLE;
--------------------------------------------------------
--  Ref Constraints for Table ACCOUNT_ACTIONS
--------------------------------------------------------

  ALTER TABLE "COB322"."ACCOUNT_ACTIONS" ADD FOREIGN KEY ("LOCATION_ID")
	  REFERENCES "COB322"."LOCATION" ("LOCATION_ID") ENABLE;
--------------------------------------------------------
--  Ref Constraints for Table ACCOUNT_ACTIONS_LOCATION
--------------------------------------------------------

  ALTER TABLE "COB322"."ACCOUNT_ACTIONS_LOCATION" ADD FOREIGN KEY ("ACTION_ID")
	  REFERENCES "COB322"."ACCOUNT_ACTIONS" ("ACTION_ID") ENABLE;
  ALTER TABLE "COB322"."ACCOUNT_ACTIONS_LOCATION" ADD FOREIGN KEY ("LOCATION_ID")
	  REFERENCES "COB322"."LOCATION" ("LOCATION_ID") ENABLE;
--------------------------------------------------------
--  Ref Constraints for Table ACCOUNT_PERFORMS
--------------------------------------------------------

  ALTER TABLE "COB322"."ACCOUNT_PERFORMS" ADD FOREIGN KEY ("CUSTOMER_ID")
	  REFERENCES "COB322"."CUSTOMER" ("CUSTOMER_ID") ENABLE;
  ALTER TABLE "COB322"."ACCOUNT_PERFORMS" ADD FOREIGN KEY ("ACTION_ID")
	  REFERENCES "COB322"."ACCOUNT_ACTIONS" ("ACTION_ID") ENABLE;
  ALTER TABLE "COB322"."ACCOUNT_PERFORMS" ADD FOREIGN KEY ("ACCT_ID")
	  REFERENCES "COB322"."ACCOUNT" ("ACCT_ID") ENABLE;
--------------------------------------------------------
--  Ref Constraints for Table ATM_LOCATIONS
--------------------------------------------------------

  ALTER TABLE "COB322"."ATM_LOCATIONS" ADD FOREIGN KEY ("LOCATION_ID")
	  REFERENCES "COB322"."LOCATION" ("LOCATION_ID") ENABLE;
  ALTER TABLE "COB322"."ATM_LOCATIONS" ADD FOREIGN KEY ("ATM_ID")
	  REFERENCES "COB322"."ATM" ("ATM_ID") ENABLE;
--------------------------------------------------------
--  Ref Constraints for Table BRANCH
--------------------------------------------------------

  ALTER TABLE "COB322"."BRANCH" ADD FOREIGN KEY ("BRANCH_ID")
	  REFERENCES "COB322"."LOCATION" ("LOCATION_ID") ENABLE;
--------------------------------------------------------
--  Ref Constraints for Table BUYS
--------------------------------------------------------

  ALTER TABLE "COB322"."BUYS" ADD FOREIGN KEY ("PURCHASE_ID")
	  REFERENCES "COB322"."PURCHASES" ("PURCHASE_ID") ENABLE;
  ALTER TABLE "COB322"."BUYS" ADD FOREIGN KEY ("CARD_ID")
	  REFERENCES "COB322"."CARD" ("CARD_ID") ENABLE;
--------------------------------------------------------
--  Ref Constraints for Table CARD_ACCOUNT
--------------------------------------------------------

  ALTER TABLE "COB322"."CARD_ACCOUNT" ADD FOREIGN KEY ("ACCT_ID")
	  REFERENCES "COB322"."CHECKING_ACCOUNT" ("ACCT_ID") ENABLE;
  ALTER TABLE "COB322"."CARD_ACCOUNT" ADD FOREIGN KEY ("CARD_ID")
	  REFERENCES "COB322"."DEBIT_CARD" ("CARD_ID") ENABLE;
--------------------------------------------------------
--  Ref Constraints for Table CARD_PAYMENTS
--------------------------------------------------------

  ALTER TABLE "COB322"."CARD_PAYMENTS" ADD FOREIGN KEY ("ACTION_ID")
	  REFERENCES "COB322"."CARD_ACTIONS" ("ACTION_ID") ENABLE;
  ALTER TABLE "COB322"."CARD_PAYMENTS" ADD FOREIGN KEY ("CARD_ID")
	  REFERENCES "COB322"."CREDIT_CARD" ("CARD_ID") ENABLE;
--------------------------------------------------------
--  Ref Constraints for Table CARD_PERFORMS
--------------------------------------------------------

  ALTER TABLE "COB322"."CARD_PERFORMS" ADD FOREIGN KEY ("CUSTOMER_ID")
	  REFERENCES "COB322"."CUSTOMER" ("CUSTOMER_ID") ENABLE;
  ALTER TABLE "COB322"."CARD_PERFORMS" ADD FOREIGN KEY ("ACTION_ID")
	  REFERENCES "COB322"."CARD_ACTIONS" ("ACTION_ID") ENABLE;
  ALTER TABLE "COB322"."CARD_PERFORMS" ADD FOREIGN KEY ("PAYMENT_ID")
	  REFERENCES "COB322"."ACCOUNT_ACTIONS" ("ACTION_ID") ENABLE;
--------------------------------------------------------
--  Ref Constraints for Table CHECKING_ACCOUNT
--------------------------------------------------------

  ALTER TABLE "COB322"."CHECKING_ACCOUNT" ADD FOREIGN KEY ("ACCT_ID")
	  REFERENCES "COB322"."ACCOUNT" ("ACCT_ID") ENABLE;
--------------------------------------------------------
--  Ref Constraints for Table CREDIT_CARD
--------------------------------------------------------

  ALTER TABLE "COB322"."CREDIT_CARD" ADD FOREIGN KEY ("CARD_ID")
	  REFERENCES "COB322"."CARD" ("CARD_ID") ENABLE;
--------------------------------------------------------
--  Ref Constraints for Table CUSTOMER_ACCOUNTS
--------------------------------------------------------

  ALTER TABLE "COB322"."CUSTOMER_ACCOUNTS" ADD FOREIGN KEY ("CUSTOMER_ID")
	  REFERENCES "COB322"."CUSTOMER" ("CUSTOMER_ID") ENABLE;
  ALTER TABLE "COB322"."CUSTOMER_ACCOUNTS" ADD FOREIGN KEY ("ACCT_ID")
	  REFERENCES "COB322"."ACCOUNT" ("ACCT_ID") ENABLE;
--------------------------------------------------------
--  Ref Constraints for Table CUSTOMER_CARDS
--------------------------------------------------------

  ALTER TABLE "COB322"."CUSTOMER_CARDS" ADD FOREIGN KEY ("CARD_ID")
	  REFERENCES "COB322"."CARD" ("CARD_ID") ENABLE;
  ALTER TABLE "COB322"."CUSTOMER_CARDS" ADD FOREIGN KEY ("CUSTOMER_ID")
	  REFERENCES "COB322"."CUSTOMER" ("CUSTOMER_ID") ENABLE;
--------------------------------------------------------
--  Ref Constraints for Table CUSTOMER_LOANS
--------------------------------------------------------

  ALTER TABLE "COB322"."CUSTOMER_LOANS" ADD FOREIGN KEY ("LOAN_ID")
	  REFERENCES "COB322"."LOAN" ("LOAN_ID") ENABLE;
  ALTER TABLE "COB322"."CUSTOMER_LOANS" ADD FOREIGN KEY ("CUSTOMER_ID")
	  REFERENCES "COB322"."CUSTOMER" ("CUSTOMER_ID") ENABLE;
--------------------------------------------------------
--  Ref Constraints for Table DEBIT_CARD
--------------------------------------------------------

  ALTER TABLE "COB322"."DEBIT_CARD" ADD FOREIGN KEY ("CARD_ID")
	  REFERENCES "COB322"."CARD" ("CARD_ID") ENABLE;
--------------------------------------------------------
--  Ref Constraints for Table LOAN_ACTION
--------------------------------------------------------

  ALTER TABLE "COB322"."LOAN_ACTION" ADD FOREIGN KEY ("LOAN_ID")
	  REFERENCES "COB322"."LOAN" ("LOAN_ID") ENABLE;
  ALTER TABLE "COB322"."LOAN_ACTION" ADD FOREIGN KEY ("LOCATION_ID")
	  REFERENCES "COB322"."LOCATION" ("LOCATION_ID") ENABLE;
--------------------------------------------------------
--  Ref Constraints for Table LOAN_COLLATERAL
--------------------------------------------------------

  ALTER TABLE "COB322"."LOAN_COLLATERAL" ADD FOREIGN KEY ("LOAN_ID")
	  REFERENCES "COB322"."SECURED_LOAN" ("LOAN_ID") ENABLE;
  ALTER TABLE "COB322"."LOAN_COLLATERAL" ADD FOREIGN KEY ("COLLATERAL_ID")
	  REFERENCES "COB322"."COLLATERAL" ("COLLATERAL_ID") ENABLE;
--------------------------------------------------------
--  Ref Constraints for Table LOAN_PAYMENT
--------------------------------------------------------

  ALTER TABLE "COB322"."LOAN_PAYMENT" ADD FOREIGN KEY ("CUSTOMER_ID")
	  REFERENCES "COB322"."CUSTOMER" ("CUSTOMER_ID") ENABLE;
  ALTER TABLE "COB322"."LOAN_PAYMENT" ADD FOREIGN KEY ("PAYMENT_ID")
	  REFERENCES "COB322"."LOAN_ACTION" ("PAYMENT_ID") ENABLE;
--------------------------------------------------------
--  Ref Constraints for Table LOAN_PAYMENT_LOCATION
--------------------------------------------------------

  ALTER TABLE "COB322"."LOAN_PAYMENT_LOCATION" ADD FOREIGN KEY ("PAYMENT_ID")
	  REFERENCES "COB322"."LOAN_ACTION" ("PAYMENT_ID") ENABLE;
  ALTER TABLE "COB322"."LOAN_PAYMENT_LOCATION" ADD FOREIGN KEY ("LOCATION_ID")
	  REFERENCES "COB322"."BRANCH" ("BRANCH_ID") ENABLE;
--------------------------------------------------------
--  Ref Constraints for Table SECURED_LOAN
--------------------------------------------------------

  ALTER TABLE "COB322"."SECURED_LOAN" ADD FOREIGN KEY ("LOAN_ID")
	  REFERENCES "COB322"."LOAN" ("LOAN_ID") ENABLE;
